{
  "loader": "forge:separate_transforms",
  "base": {
    "loader": "forge:obj",
    "model": "efn:models/item/yamato_dmc4.obj",
    "flip_v": true,
    "display": {
      "thirdperson_righthand": {
        "translation": [
          5.5,
          -7.0,
          6
        ],
        "rotation": [
          90,
          0,
          0
        ],
        "scale": [
          0.65,
          0.65,
          0.65
        ]
      },
      "firstperson_righthand": {
        "translation": [
          13,
          -6,
          -0
        ],
        "rotation": [
          75,
          0,
          0
        ],
        "scale": [
          0.6,
          0.6,
          0.6
        ]
      },
      "thirdperson_lefthand": {
        "translation": [
          -5.5,
          -7.5,
          6
        ],
        "rotation": [
          90,
          0,
          0
        ],
        "scale": [
          0.65,
          0.65,
          0.65
        ]
      },
      "firstperson_lefthand": {
        "translation": [
          -13,
          -6,
          -0
        ],
        "rotation": [
          75,
          0,
          0
        ],
        "scale": [
          0.6,
          0.6,
          0.6
        ]
      },
      "ground": {
        "rotation": [
          40,
          -67,
          0
        ],
        "translation": [
          -6,
          0,
          6
        ],
        "scale": [
          0.5,
          0.5,
          0.5
        ]
      },
      "gui": {
        "rotation": [
          77,
          -45,
          90
        ],
        "translation": [
          -10,
          -4.5,
          0
        ],
        "scale": [
          0.25,
          0.25,
          0.25
        ]
      },
      "fixed": {
        "rotation": [
          90,
          0,
          90
        ],
        "translation": [
          -8,
          -21,
          7.5
        ]
      }
    }
  },
  "perspectives": {
    "gui": {
      "parent": "item/generated",
      "textures": {
        "layer0": "efn:item/yamato_dmc4"
      },
      "gui_light": "front"
    }
  }
}